"","Index","Number of steady states","Prod_of_AHR","Prod_of_NFIC","Prod_of_FOS","Prod_of_KLF4","Prod_of_FOXF1","Prod_of_JUN","Prod_of_SMAD3","Prod_of_MITF","Prod_of_SMAD4","Prod_of_MAFB","Prod_of_NR3C1","Prod_of_NR2F1","Prod_of_STAT5A","Prod_of_TBX3","Prod_of_TFE3","Prod_of_ETV5","Prod_of_TFAP2A","Deg_of_AHR","Deg_of_NFIC","Deg_of_FOS","Deg_of_KLF4","Deg_of_FOXF1","Deg_of_JUN","Deg_of_SMAD3","Deg_of_MITF","Deg_of_SMAD4","Deg_of_MAFB","Deg_of_NR3C1","Deg_of_NR2F1","Deg_of_STAT5A","Deg_of_TBX3","Deg_of_TFE3","Deg_of_ETV5","Deg_of_TFAP2A","Trd_of_AHRToAHR","Num_of_AHRToAHR","Inh_of_AHRToAHR","Trd_of_NFICToAHR","Num_of_NFICToAHR","Act_of_NFICToAHR","Trd_of_FOSToAHR","Num_of_FOSToAHR","Inh_of_FOSToAHR","Trd_of_NR3C1ToNFIC","Num_of_NR3C1ToNFIC","Act_of_NR3C1ToNFIC","Trd_of_MITFToNFIC","Num_of_MITFToNFIC","Inh_of_MITFToNFIC","Trd_of_AHRToFOS","Num_of_AHRToFOS","Inh_of_AHRToFOS","Trd_of_NR3C1ToFOS","Num_of_NR3C1ToFOS","Inh_of_NR3C1ToFOS","Trd_of_SMAD3ToFOS","Num_of_SMAD3ToFOS","Act_of_SMAD3ToFOS","Trd_of_NFICToFOS","Num_of_NFICToFOS","Inh_of_NFICToFOS","Trd_of_MITFToFOS","Num_of_MITFToFOS","Act_of_MITFToFOS","Trd_of_SMAD4ToFOS","Num_of_SMAD4ToFOS","Act_of_SMAD4ToFOS","Trd_of_FOSToFOS","Num_of_FOSToFOS","Inh_of_FOSToFOS","Trd_of_AHRToKLF4","Num_of_AHRToKLF4","Act_of_AHRToKLF4","Trd_of_JUNToKLF4","Num_of_JUNToKLF4","Act_of_JUNToKLF4","Trd_of_NR3C1ToKLF4","Num_of_NR3C1ToKLF4","Act_of_NR3C1ToKLF4","Trd_of_SMAD3ToKLF4","Num_of_SMAD3ToKLF4","Act_of_SMAD3ToKLF4","Trd_of_TBX3ToKLF4","Num_of_TBX3ToKLF4","Act_of_TBX3ToKLF4","Trd_of_MITFToKLF4","Num_of_MITFToKLF4","Inh_of_MITFToKLF4","Trd_of_KLF4ToFOXF1","Num_of_KLF4ToFOXF1","Act_of_KLF4ToFOXF1","Trd_of_JUNToJUN","Num_of_JUNToJUN","Act_of_JUNToJUN","Trd_of_SMAD3ToJUN","Num_of_SMAD3ToJUN","Act_of_SMAD3ToJUN","Trd_of_KLF4ToJUN","Num_of_KLF4ToJUN","Act_of_KLF4ToJUN","Trd_of_MITFToJUN","Num_of_MITFToJUN","Inh_of_MITFToJUN","Trd_of_SMAD4ToJUN","Num_of_SMAD4ToJUN","Act_of_SMAD4ToJUN","Trd_of_AHRToSMAD3","Num_of_AHRToSMAD3","Act_of_AHRToSMAD3","Trd_of_JUNToSMAD3","Num_of_JUNToSMAD3","Act_of_JUNToSMAD3","Trd_of_NR3C1ToSMAD3","Num_of_NR3C1ToSMAD3","Act_of_NR3C1ToSMAD3","Trd_of_NFICToSMAD3","Num_of_NFICToSMAD3","Act_of_NFICToSMAD3","Trd_of_FOSToSMAD3","Num_of_FOSToSMAD3","Inh_of_FOSToSMAD3","Trd_of_AHRToMITF","Num_of_AHRToMITF","Inh_of_AHRToMITF","Trd_of_JUNToMITF","Num_of_JUNToMITF","Inh_of_JUNToMITF","Trd_of_NR3C1ToMITF","Num_of_NR3C1ToMITF","Act_of_NR3C1ToMITF","Trd_of_SMAD3ToMITF","Num_of_SMAD3ToMITF","Inh_of_SMAD3ToMITF","Trd_of_KLF4ToMITF","Num_of_KLF4ToMITF","Inh_of_KLF4ToMITF","Trd_of_MITFToMITF","Num_of_MITFToMITF","Act_of_MITFToMITF","Trd_of_SMAD4ToMITF","Num_of_SMAD4ToMITF","Act_of_SMAD4ToMITF","Trd_of_NR3C1ToSMAD4","Num_of_NR3C1ToSMAD4","Inh_of_NR3C1ToSMAD4","Trd_of_MAFBToMAFB","Num_of_MAFBToMAFB","Act_of_MAFBToMAFB","Trd_of_NR3C1ToMAFB","Num_of_NR3C1ToMAFB","Act_of_NR3C1ToMAFB","Trd_of_AHRToNR3C1","Num_of_AHRToNR3C1","Act_of_AHRToNR3C1","Trd_of_JUNToNR3C1","Num_of_JUNToNR3C1","Act_of_JUNToNR3C1","Trd_of_SMAD3ToNR3C1","Num_of_SMAD3ToNR3C1","Act_of_SMAD3ToNR3C1","Trd_of_NFICToNR3C1","Num_of_NFICToNR3C1","Act_of_NFICToNR3C1","Trd_of_FOSToNR3C1","Num_of_FOSToNR3C1","Inh_of_FOSToNR3C1","Trd_of_NR3C1ToNR2F1","Num_of_NR3C1ToNR2F1","Act_of_NR3C1ToNR2F1","Trd_of_KLF4ToNR2F1","Num_of_KLF4ToNR2F1","Act_of_KLF4ToNR2F1","Trd_of_NFICToNR2F1","Num_of_NFICToNR2F1","Act_of_NFICToNR2F1","Trd_of_FOSToNR2F1","Num_of_FOSToNR2F1","Inh_of_FOSToNR2F1","Trd_of_STAT5AToSTAT5A","Num_of_STAT5AToSTAT5A","Act_of_STAT5AToSTAT5A","Trd_of_MITFToSTAT5A","Num_of_MITFToSTAT5A","Act_of_MITFToSTAT5A","Trd_of_SMAD3ToTBX3","Num_of_SMAD3ToTBX3","Act_of_SMAD3ToTBX3","Trd_of_TBX3ToTBX3","Num_of_TBX3ToTBX3","Act_of_TBX3ToTBX3","Trd_of_KLF4ToTBX3","Num_of_KLF4ToTBX3","Act_of_KLF4ToTBX3","Trd_of_NFICToTBX3","Num_of_NFICToTBX3","Act_of_NFICToTBX3","Trd_of_JUNToTFE3","Num_of_JUNToTFE3","Act_of_JUNToTFE3","Trd_of_TFE3ToTFE3","Num_of_TFE3ToTFE3","Inh_of_TFE3ToTFE3","Trd_of_NFICToTFE3","Num_of_NFICToTFE3","Act_of_NFICToTFE3","Trd_of_MITFToTFE3","Num_of_MITFToTFE3","Inh_of_MITFToTFE3","Trd_of_FOSToTFE3","Num_of_FOSToTFE3","Inh_of_FOSToTFE3","Trd_of_NR3C1ToETV5","Num_of_NR3C1ToETV5","Inh_of_NR3C1ToETV5","Trd_of_ETV5ToETV5","Num_of_ETV5ToETV5","Act_of_ETV5ToETV5","Trd_of_MITFToETV5","Num_of_MITFToETV5","Act_of_MITFToETV5","Trd_of_NR2F1ToTFAP2A","Num_of_NR2F1ToTFAP2A","Act_of_NR2F1ToTFAP2A","Trd_of_MITFToTFAP2A","Num_of_MITFToTFAP2A","Act_of_MITFToTFAP2A"
"756",756,4,61.770908,63.902311,873.158182,33.915374,72.828751,798.155138,691.400709,1633.187278,65.76569,11.632362,535.314369,77.364845,67.29804,73.028922,26.578252,95.876162,20.385273,0.78992,0.425639,0.758371,0.222907,0.605789,0.606605,0.41915,0.693858,0.406646,0.507537,0.812134,0.874964,0.776042,0.876924,0.482272,0.210794,0.126972,0.443474,2,0.014818,0.77443,6,87.243298,2.556583,1,0.042212,7.169564,4,52.226264,0.045644,1,0.049432,4.601971,1,0.020541,2.704727,3,0.03732,4.746182,5,95.451094,14.217691,2,0.013895,2.523805,4,34.048354,44.364342,1,96.450481,1.1287,6,0.205879,4.158859,5,22.769052,0.812359,6,83.451944,2.198199,6,93.93623,6.94057,6,83.640606,1.525215,3,88.01242,0.308547,3,0.098046,1.781987,1,69.981739,1.190379,1,50.746923,6.808683,2,42.613392,1.87749,4,47.819814,2.746396,4,0.016364,33.081281,3,73.611836,3.621351,5,69.891452,3.907094,2,62.615712,1.867447,4,62.46954,3.834212,3,59.747978,2.559185,5,0.062034,0.257061,2,0.015868,0.232572,2,0.053814,6.259028,1,72.756691,4.841105,5,0.012684,1.877545,1,0.01151,2.183159,5,98.988684,50.848277,5,7.095003,6.975964,3,0.023796,20.739002,4,24.56608,7.142654,5,91.735818,3.248603,2,94.90258,0.427813,6,10.413128,1.93269,2,9.051837,5.403398,2,50.174683,0.654641,2,0.01453,1.823687,1,73.215862,2.335724,1,27.339143,14.110587,4,89.774603,2.420732,3,0.013274,17.594714,4,8.158897,2.194768,6,67.873252,1.079409,2,45.081052,2.531729,5,43.692453,1.872172,4,10.374001,5.095021,5,71.535868,1.337453,2,4.459698,4.461312,2,0.014953,7.1818,4,40.974756,1.867911,3,0.022813,0.540768,2,0.152497,5.071467,2,0.02892,0.894661,1,56.743719,1.826725,4,21.519409,0.606701,1,51.729614,0.212096,5,59.564924
"1073",1073,4,3.061033,48.431447,4656.238628,118.266049,49.680338,241.951666,160.346674,8966.460576,24.123682,6.869808,468.775202,94.766606,52.004339,94.583934,934.714705,36.891975,87.509019,0.979462,0.684512,0.645108,0.449216,0.768621,0.937384,0.724956,0.71763,0.663078,0.346381,0.455003,0.190832,0.806583,0.780459,0.512926,0.754864,0.652082,4.266058,6,0.057458,3.280675,3,42.403906,3.280156,1,0.011978,0.635971,3,26.041394,3.59482,1,0.029036,3.897682,1,0.043188,6.375812,4,0.014274,0.55713,3,42.116422,4.555029,5,0.010176,1.746048,1,51.369739,28.272677,6,45.155239,1.521016,2,0.011886,4.620718,5,64.668237,1.61085,3,50.892697,7.108531,4,57.062655,5.913211,6,15.133853,2.058839,6,89.028982,2.713748,5,0.01699,1.55997,4,48.281973,0.443965,5,40.99295,2.621254,1,42.976865,1.783313,6,98.898789,1.458005,1,0.010622,5.352534,2,25.043084,4.669876,4,42.009411,5.929777,3,13.293214,4.78481,6,33.601538,10.240389,2,74.086468,2.937644,3,0.011106,0.421059,6,0.010649,1.654016,2,0.069812,6.471583,6,25.373832,4.857986,1,0.252845,0.277593,5,0.010703,3.467235,1,74.019413,46.495522,1,48.410235,4.833715,6,0.012612,20.120893,4,3.356365,1.16263,6,56.517839,0.716558,1,35.343997,2.734208,1,14.585681,4.803202,1,97.799751,11.98026,1,42.745228,0.856643,3,0.163516,6.288427,3,88.502523,1.775101,4,95.957662,10.982948,2,24.213572,1.802994,6,0.011343,8.533555,2,77.454583,2.825909,3,70.536605,4.079494,1,85.214512,1.262551,1,86.996447,0.805466,3,83.354528,10.882853,2,47.184161,6.253642,4,24.67019,0.674874,4,0.123882,18.778416,6,93.014528,2.94036,3,0.012257,1.29079,5,0.012063,7.068129,5,0.031726,5.468267,3,18.668022,1.520416,5,66.218297,0.950171,6,65.185266,3.124757,1,82.270766
"1343",1343,4,15.080492,45.661814,9330.731174,660.229411,27.326471,301.575725,19.263169,1738.508114,41.940129,52.660654,949.947981,37.361931,99.30315,61.453449,750.024367,99.997642,87.116459,0.458232,0.447324,0.951348,0.409858,0.157814,0.107631,0.394613,0.56958,0.445471,0.600322,0.479582,0.379413,0.885972,0.141702,0.119947,0.801425,0.856303,1.392905,6,0.044436,2.077846,2,17.008916,2.493341,1,0.059255,6.740382,5,24.862431,0.115685,6,0.016417,2.092653,5,0.012277,1.384152,5,0.020277,4.411837,1,59.287973,12.144419,3,0.01468,1.216423,6,63.929534,15.956647,1,97.07048,2.330305,1,0.011274,3.697744,6,1.624672,6.709405,4,94.544474,6.895461,3,79.439345,3.124153,4,97.761039,2.314808,4,82.459884,1.548313,5,0.022695,2.196773,4,89.889387,4.195668,1,39.700359,4.421959,6,50.916716,1.180791,6,50.877238,1.270267,2,0.038872,24.45129,5,11.231197,3.654288,3,87.167173,4.440656,4,8.492669,1.608399,4,23.215879,16.719174,4,43.388087,1.969169,1,0.040557,0.184276,6,0.023277,3.443815,4,0.01833,2.508828,6,36.666255,6.164332,1,0.01089,1.188458,6,0.014896,0.638558,4,90.033299,54.16552,5,63.98819,3.773933,4,0.018068,22.337795,1,26.190875,6.826807,6,42.92103,1.038806,5,76.683449,0.22412,1,32.084956,0.244862,4,56.255227,12.545326,1,27.97856,0.46129,5,0.030131,7.292288,1,61.017709,1.145666,5,52.585958,13.280954,3,91.504534,3.044528,6,0.029125,0.572178,1,18.150049,0.525505,3,74.873915,3.561248,3,77.579612,0.695893,2,58.161806,1.681853,2,1.842232,18.741921,2,12.307406,4.710296,5,27.725839,1.987053,3,0.103003,4.207263,1,58.033791,2.136672,3,0.013285,0.573848,6,0.012655,4.951107,4,0.011113,1.134135,4,24.459287,1.600958,3,1.048968,0.052326,2,41.179099,2.282909,6,35.3585
"1748",1748,4,55.457512,89.566703,5679.017359,468.022672,57.272666,726.352526,683.998309,7967.321826,32.577837,49.523228,572.602935,87.155739,74.737375,23.864332,871.835647,8.301002,4.379397,0.615848,0.47732,0.201743,0.50863,0.698958,0.846204,0.656317,0.532125,0.913319,0.147657,0.978458,0.320522,0.770293,0.397563,0.797169,0.289367,0.501716,3.434573,6,0.019636,12.518993,5,80.87847,3.010761,4,0.010177,1.043414,1,91.931866,0.252116,6,0.04922,2.509299,4,0.018991,3.610477,4,0.015073,3.302438,4,65.027312,12.792127,2,0.030383,1.253616,5,96.75199,4.677676,6,70.677928,0.33686,4,0.012619,0.844583,2,43.65132,2.628126,1,49.411182,2.736852,3,32.792626,2.905201,3,28.919073,0.738613,4,96.080117,2.686263,4,0.014862,0.74227,5,81.280596,1.165006,6,92.448105,1.869384,3,45.322792,0.878107,6,46.79592,1.188726,3,0.065944,7.95124,3,68.017756,0.473426,5,11.488848,5.493778,6,93.55839,3.782834,3,30.266146,11.245773,3,37.576969,1.315062,6,0.010223,2.204878,4,0.017342,0.880567,4,0.018488,4.702348,2,48.823587,1.225784,1,0.124849,1.271879,1,0.025924,1.66864,3,93.092006,51.455603,3,47.105667,1.329344,2,0.014112,16.480811,2,41.573654,3.047855,5,13.901012,2.328366,1,55.479045,6.134917,3,87.592385,3.051559,2,90.98234,4.879374,6,91.116311,2.141435,3,0.016218,7.197251,6,44.792587,0.649123,1,6.132769,17.7358,4,10.64007,3.653429,2,0.025055,22.589628,1,28.361607,2.516138,6,37.228499,6.115614,6,74.5921,1.437662,2,66.006542,1.585234,5,8.922039,2.938396,2,5.886857,1.793618,2,61.782654,0.276659,3,0.014006,18.522505,1,30.904569,1.775115,3,0.099715,1.492305,1,0.011296,4.386611,1,0.012202,1.235479,2,57.062346,1.748658,3,77.096734,0.280357,3,71.621099,2.859166,4,39.90009
"1968",1968,4,9.229129,85.256364,6483.575874,835.178701,58.755037,216.069213,936.453816,1522.172729,7.071761,97.717634,721.187344,42.495704,8.650467,40.910456,754.061885,58.67989,65.375902,0.444961,0.906408,0.389165,0.908594,0.676363,0.582582,0.58164,0.805675,0.45589,0.620918,0.950158,0.17715,0.60973,0.584872,0.460046,0.240286,0.403861,4.279844,5,0.050146,18.365973,5,17.856453,3.781608,6,0.027403,6.28645,4,49.70246,0.650083,1,0.022178,0.642896,4,0.042116,7.190395,6,0.011917,1.648072,2,17.527085,7.719958,3,0.050869,2.131495,6,89.048052,44.592705,1,69.483948,3.014809,2,0.011386,4.469233,3,16.95466,2.166945,2,68.420489,6.212671,6,77.879453,6.913458,1,94.667849,1.20475,2,47.340867,0.613001,4,0.012121,1.879621,2,34.075898,5.276322,2,90.673561,6.885198,1,19.457169,1.682514,5,52.952301,0.606783,4,0.155879,9.543935,2,45.154485,3.643903,5,60.725691,1.738697,4,29.406448,5.891097,5,49.943885,5.795488,5,48.527962,2.701468,3,0.017539,4.231869,5,0.016474,1.645115,4,0.010775,0.31308,3,44.010505,1.407794,6,0.025353,0.43893,5,0.013653,1.9109,5,89.111807,21.233033,3,31.328999,2.115745,5,0.013607,13.732653,2,87.052676,3.018019,2,24.582627,3.737078,6,9.649043,0.837002,2,54.517072,3.160837,5,21.786574,12.421192,3,26.506399,3.256394,4,0.010335,4.949665,6,10.205666,0.345611,2,60.048042,8.330376,4,91.277518,2.91646,6,0.013285,14.708379,5,78.145092,1.059583,6,13.415582,5.146022,2,77.620406,2.068367,4,33.93528,2.196683,4,31.981732,16.362211,3,58.772441,3.191523,5,84.129938,1.038889,4,0.012185,10.237871,6,61.618655,0.89877,1,0.023238,1.17853,2,0.012646,4.078676,6,0.025498,2.65438,5,60.252215,0.979011,1,11.316694,0.03545,5,51.632805,3.056358,1,26.723858
"2162",2162,4,82.153385,68.773298,5760.019439,715.067604,8.030791,487.491085,629.886287,3731.824812,1.033444,58.838088,807.894728,71.864833,40.102402,72.773337,61.216315,52.99465,27.387456,0.169355,0.50068,0.747793,0.670464,0.409252,0.520361,0.928775,0.526979,0.36005,0.53663,0.263496,0.417997,0.975745,0.574694,0.838266,0.38692,0.792726,0.290182,2,0.019307,7.187617,2,13.208642,2.57294,5,0.011695,4.197113,4,66.172119,0.603453,6,0.041465,2.505579,2,0.070957,6.646833,2,0.022249,5.039985,2,40.29153,12.531241,6,0.066172,3.217138,5,3.626932,12.059078,5,70.296111,3.723085,4,0.041092,1.832073,5,23.020159,3.817971,6,52.154382,4.51443,5,48.197221,5.31646,6,67.319956,1.480942,3,52.118672,2.806962,3,0.013842,1.966198,5,1.877052,1.456434,5,29.212339,0.60909,1,7.614369,1.043938,6,70.129024,1.031146,6,0.114585,40.153015,2,32.225794,4.371095,5,63.108239,1.26411,6,73.944742,0.7201,6,6.338934,16.807696,2,34.515266,2.144249,2,0.030748,2.892844,6,0.283725,3.642145,5,0.02088,6.316962,2,16.748595,0.307496,6,0.012216,0.745655,5,0.012972,1.356017,3,58.300574,12.149834,6,88.157441,1.400507,5,0.022533,10.842858,5,6.68895,7.433805,6,36.827565,3.459207,6,99.455345,3.194343,5,97.142457,0.489346,3,13.261335,16.545431,5,65.151805,1.368209,1,0.013217,0.653334,4,32.749903,1.954454,2,41.794287,18.472525,4,35.739512,1.085054,5,0.039345,1.035858,4,31.13683,2.702434,6,84.111808,6.135948,6,57.73169,2.419144,6,61.731885,2.550618,2,92.943907,1.556163,4,89.580265,5.861816,6,72.340293,1.771208,4,0.014894,4.353118,1,38.462994,1.98383,5,0.021917,0.50422,2,0.032372,7.141104,1,0.028378,5.914255,2,36.311533,1.807131,2,90.385091,0.980558,1,86.303263,3.513382,4,21.459434
"2743",2743,4,75.666143,14.624562,2275.085764,781.411406,41.484363,699.131333,37.208056,4951.935301,8.793437,72.850377,779.421314,61.613296,43.435523,74.521913,955.693198,30.850905,99.76957,0.161203,0.629704,0.503434,0.305535,0.279455,0.316063,0.626484,0.415912,0.342624,0.480202,0.782754,0.101001,0.23121,0.114975,0.993763,0.630308,0.627454,2.484247,3,0.033112,16.734487,4,72.601708,2.119765,5,0.012075,1.574734,2,6.33913,0.789697,1,0.010528,1.182804,2,0.042585,2.652423,1,0.010097,5.513301,6,1.390251,4.391403,2,0.013026,0.63591,1,53.735619,12.07132,6,9.864974,0.671808,6,0.014822,2.391968,5,79.98322,4.14651,1,34.24486,6.932461,2,20.833269,4.08227,2,44.212911,2.374965,5,26.861294,2.022207,3,0.016651,1.722674,2,67.573062,4.686886,3,14.092804,1.875492,3,62.088117,1.264817,2,10.569063,1.867197,1,0.031428,41.686432,4,34.129654,1.217868,6,96.542024,2.119371,3,48.966042,5.743224,5,48.068369,3.256305,6,70.012626,2.482017,3,0.026924,4.238193,1,0.017673,2.526261,1,0.109121,5.159779,6,53.097332,6.772402,4,0.010921,0.311934,3,0.010827,3.365493,4,76.405103,55.817294,6,23.07871,5.579423,1,0.103655,7.691339,3,20.997708,3.376744,4,2.818873,1.761608,4,58.207421,4.575564,2,58.518372,4.412284,6,26.002595,8.269124,1,90.081015,3.818521,4,0.031062,1.308656,1,23.201534,0.06637,4,46.111834,7.031231,6,3.495008,2.428089,6,0.062311,13.890227,3,72.500919,1.596435,5,60.280709,1.870838,6,43.800606,2.553523,2,75.965232,2.508147,2,32.188483,13.312561,1,30.961651,0.342268,6,52.988387,2.200276,4,0.010027,0.80748,6,54.869905,2.666259,4,0.028994,0.053699,5,0.031377,2.977417,2,0.030791,3.826229,2,98.444642,2.318975,6,97.873668,0.458792,4,38.236899,0.987312,4,95.500952
"2853",2853,4,56.356607,88.811707,6586.454505,534.487769,19.499431,163.088862,184.086122,5028.249542,4.028517,62.138538,981.646981,3.864137,18.925498,71.289586,364.054654,92.662548,55.451477,0.921019,0.843363,0.658705,0.609485,0.801798,0.825209,0.596819,0.811474,0.906464,0.101236,0.939261,0.735462,0.943516,0.499053,0.196453,0.922237,0.964998,1.40543,2,0.016429,16.272386,5,14.384983,3.686064,2,0.013979,7.118061,1,58.181678,2.497957,4,0.014152,3.105181,4,0.010614,7.2488,5,0.030353,5.882534,4,86.989856,2.700357,1,0.01829,2.860252,5,69.92208,18.890532,3,36.095758,3.156099,1,0.034049,1.508599,1,75.270325,4.960094,5,68.294707,3.855779,4,12.68961,4.311128,3,27.189216,1.642119,5,70.371199,1.12311,1,0.010565,1.20163,2,63.522705,2.533481,4,16.032272,6.20473,3,20.836417,0.878393,6,6.282932,1.192587,5,0.247771,56.150361,5,94.819429,1.048516,5,46.099783,2.847543,5,50.34024,1.326211,2,52.87962,15.329244,4,67.933577,1.299298,1,0.122583,2.062757,1,0.037256,6.279047,2,0.031748,5.248474,6,36.789342,4.180685,4,0.084441,2.403558,3,0.013347,1.526184,5,47.948995,50.483619,1,84.792703,6.98178,3,0.02485,6.601652,6,9.194095,0.598735,1,14.122041,0.935322,6,82.534055,3.980257,4,91.605666,4.023885,4,64.806187,3.262131,3,39.35668,0.282355,3,0.028581,2.361216,3,88.370272,1.920384,3,94.98107,2.972641,6,92.221486,3.484235,5,0.053586,13.482531,2,33.91968,0.577121,2,3.009389,1.928337,4,88.131947,2.583987,5,50.401994,0.765006,2,77.419011,8.603947,1,52.49496,1.137165,4,72.27437,1.214068,6,0.01377,9.465504,1,12.998658,3.057105,3,0.011277,1.666809,2,0.010758,3.662583,4,0.010846,1.935301,3,20.129639,0.957303,6,46.447626,1.614576,4,97.843811,0.142537,5,70.704476
"3210",3210,4,52.786509,96.820674,1746.962658,865.366323,1.018956,291.039442,724.139034,4077.061827,55.31684,46.240979,788.143491,87.002101,98.811286,96.114334,390.79488,91.649085,18.047952,0.866761,0.665327,0.840744,0.766723,0.627759,0.964368,0.552415,0.932291,0.178047,0.448663,0.40524,0.272816,0.832017,0.832859,0.987969,0.64668,0.997322,0.913006,2,0.099745,14.201904,1,44.27491,3.2716,2,0.019935,1.272904,2,47.214775,1.517283,2,0.012574,2.546227,4,0.017556,0.960464,2,0.018811,5.422508,5,57.547523,0.422121,6,0.015609,0.416903,1,72.321644,45.922438,3,60.405849,1.897844,4,0.065358,1.303105,5,16.46791,4.982145,6,57.73126,5.815726,6,95.84243,3.400745,5,58.465374,1.666649,3,50.707457,0.670145,2,0.033395,0.104046,1,47.900106,0.583462,5,91.51091,3.816987,1,3.620814,1.230208,3,44.4424,2.120146,3,0.375493,47.39197,1,55.37186,3.690805,5,2.018422,6.276357,2,58.13113,0.392331,2,66.423217,5.281197,1,85.419372,2.384257,2,0.013869,3.282737,3,0.024553,4.96339,2,0.030766,4.556055,3,89.176991,4.072908,2,0.122437,0.513365,3,0.025677,1.914418,6,72.497234,24.235757,1,75.388626,5.31683,3,0.049232,12.149884,2,11.30852,3.608341,1,18.720823,0.1595,4,63.377925,1.347751,2,1.492605,4.712313,2,17.587777,13.223783,4,9.179767,0.203436,6,0.023093,3.92534,1,52.662497,0.053305,5,33.59173,17.495794,2,93.073686,1.559022,4,0.035239,13.081108,3,46.421847,2.678557,3,97.795761,0.442888,3,86.377384,2.511517,1,63.073306,0.3657,4,40.488418,2.972543,3,26.874103,2.404821,4,78.526439,1.15348,4,0.059526,4.814733,5,66.778184,3.318291,2,0.030422,1.067055,5,0.113495,6.821773,6,0.275406,5.15252,2,22.026785,2.259197,1,72.182602,1.502463,1,65.323821,2.154419,1,84.675969
"3653",3653,4,69.207996,17.881686,5293.549202,440.822802,20.962952,204.177171,568.15535,4277.810733,97.326486,60.293762,948.223282,21.06247,77.586366,46.948919,530.611485,28.746381,75.534521,0.395912,0.210551,0.667348,0.449112,0.282102,0.284856,0.150233,0.954309,0.336542,0.449068,0.216242,0.43061,0.36863,0.185565,0.168578,0.816215,0.176119,0.264894,2,0.018309,5.256804,6,39.06456,1.196567,1,0.012997,4.134947,2,70.654802,2.462522,3,0.024191,4.450961,3,0.036558,6.742512,2,0.015367,2.514105,5,24.968303,7.50902,5,0.016298,2.23345,3,62.966587,11.959142,5,76.552654,0.183222,4,0.891713,1.508306,6,83.277879,3.213746,4,71.709039,3.950911,1,77.688012,4.822107,1,20.820986,2.632297,3,37.742098,2.299073,4,0.017539,0.287693,4,73.684044,6.496587,3,45.703653,5.175076,3,54.091516,2.362151,4,48.346214,0.089064,2,0.029566,58.263367,1,71.241034,0.631663,5,79.683231,4.780187,3,91.886117,1.456354,2,74.00919,15.894375,6,33.896411,3.347436,6,0.031442,0.153257,6,0.010404,2.810199,5,0.023068,2.585796,3,53.289939,4.288779,2,0.013358,0.63677,6,0.055547,2.843671,1,56.358072,34.221073,6,92.954859,1.758282,4,0.034156,9.611211,4,26.398394,4.206458,3,17.425705,4.69651,6,78.304961,6.309201,6,69.241599,2.393071,6,74.529055,6.693731,1,11.777328,2.257505,6,0.02219,6.729125,3,96.161874,1.442934,2,36.449487,16.44579,6,57.81742,2.216918,4,0.014894,15.609227,4,1.405341,1.839634,4,41.68005,0.696757,6,65.63681,1.516565,6,13.294198,2.242501,3,74.326757,11.066863,3,25.105691,5.004807,4,43.457383,0.206808,5,0.103313,2.337725,1,74.096342,0.38124,4,0.015113,2.730689,3,0.113116,4.947776,2,0.04078,2.107848,2,20.181909,3.160154,4,47.890823,1.644111,1,76.764145,0.530402,6,47.794024
"4211",4211,4,10.980092,51.894356,3407.578424,69.278716,42.556857,587.161765,311.615801,1532.178118,37.844629,72.525577,474.433081,9.565583,76.031905,50.574651,470.76542,99.820746,17.474003,0.148563,0.227003,0.769161,0.469013,0.9345,0.958735,0.807839,0.628941,0.213,0.415724,0.88762,0.40549,0.713662,0.818561,0.950874,0.836649,0.478199,3.270311,5,0.042714,7.174825,4,81.606601,0.600075,1,0.01549,4.512354,3,81.766219,0.685167,5,0.120791,4.335143,1,0.078725,6.325543,5,0.018837,3.948848,1,48.932101,8.645849,3,0.019676,1.150684,5,82.272198,33.652174,3,23.098303,3.855974,5,0.663592,2.992799,1,42.646979,4.252866,5,60.10856,6.654039,2,80.168021,0.381136,1,70.962511,2.633924,2,98.849287,2.377579,5,0.015996,0.774958,6,20.547881,1.329873,1,98.703215,2.061392,5,93.671139,1.69659,4,76.474313,2.277286,2,0.021212,12.802984,3,97.520735,2.829843,4,34.62491,6.245135,4,4.803188,2.863628,5,95.872737,7.557392,1,13.730891,1.051401,3,0.036807,0.305504,5,0.014091,5.503247,5,0.031406,1.534228,4,41.334965,6.084806,2,0.010639,1.375977,3,0.709382,1.944236,1,60.042174,56.322392,6,65.438429,0.853168,5,0.0257,21.609985,2,33.157011,5.370369,6,62.40699,3.713494,2,56.377028,2.396146,3,8.943847,1.085332,6,38.244067,11.234962,2,8.638943,2.796282,6,0.013775,4.153446,4,55.666297,1.768443,1,14.719921,4.986674,1,34.15964,2.274413,2,0.034139,10.218943,1,58.512714,2.317274,5,7.192702,1.419925,1,33.476468,1.787318,4,71.875445,1.532835,4,71.773003,5.561847,2,89.573005,0.667539,3,60.295641,1.897524,2,0.011527,11.320066,2,19.270838,1.052826,2,0.010542,0.410241,1,0.010665,1.511798,3,0.153436,0.147874,6,24.37914,2.335371,3,61.469128,0.516567,6,90.537,3.573814,3,95.321384
"4824",4824,4,76.333534,94.098964,9326.87081,37.73524,21.301329,489.832301,863.040154,835.319873,7.746478,93.860494,335.123954,66.406214,23.635218,48.28218,227.461721,50.230581,21.201224,0.575207,0.332535,0.275761,0.831388,0.351546,0.386768,0.19287,0.170427,0.248786,0.76179,0.455805,0.243994,0.148987,0.478562,0.15219,0.663222,0.430766,4.695695,6,0.101113,14.456107,1,58.362028,3.473724,2,0.010971,5.281503,3,70.936916,1.473305,1,0.036965,0.592047,6,0.035754,2.122255,3,0.031146,6.990336,2,43.37631,3.525345,1,0.020644,0.251233,5,93.428608,13.270795,5,83.779409,2.067573,1,0.076344,3.854878,1,10.027786,3.081265,3,56.181918,6.44614,6,48.822439,6.624262,4,44.357191,2.154897,3,15.563045,3.065683,1,0.014062,1.876071,1,58.051402,4.719629,4,32.974733,4.239904,2,88.869935,0.759313,5,9.837384,1.790641,3,0.011915,37.082973,6,68.31557,1.473969,3,62.875169,1.433217,1,49.634913,1.617339,4,52.680603,9.172908,5,77.1702,3.724563,3,0.016272,1.400645,4,0.038072,4.831579,4,0.109971,5.987778,3,70.916599,2.975031,6,0.07773,1.563266,1,0.032114,1.827007,4,62.853007,24.184927,4,76.625883,0.686327,2,0.015726,20.965964,1,22.75435,6.529908,5,19.848741,0.123009,4,11.922518,4.729318,4,70.149329,6.226595,6,48.441189,10.650215,3,73.722095,2.672768,1,0.013453,6.339716,2,59.393417,2.190127,2,44.461067,14.578804,1,99.662226,3.567567,6,0.108556,15.06147,4,37.973994,0.932814,4,97.951323,2.377695,3,53.339046,2.516279,1,16.587335,1.305286,6,89.740228,7.579894,5,96.740957,6.293326,2,21.985842,1.36871,3,0.013295,10.796577,2,31.194997,1.150022,1,0.075572,2.435533,3,0.241459,7.01654,2,0.077286,5.933236,1,39.663563,2.054409,6,65.447793,1.445089,5,13.76843,3.205319,3,99.810054
"4838",4838,4,54.605781,36.657301,5650.488887,507.666297,73.092232,972.379028,395.128813,674.664294,40.330275,48.23437,67.009434,58.118658,71.171735,44.506235,527.248891,47.168224,86.079218,0.136327,0.799891,0.2731,0.347357,0.987527,0.584729,0.143916,0.317917,0.230866,0.298531,0.43263,0.747752,0.432966,0.703082,0.390549,0.477311,0.277039,1.276677,1,0.015476,11.873931,3,53.741188,3.385878,5,0.01255,4.260428,1,39.819213,1.121661,4,0.014662,1.205672,5,0.026472,4.091518,6,0.032487,3.812817,4,23.660791,17.392856,3,0.054876,1.442836,5,96.277238,7.849582,6,30.777941,2.522175,4,0.154365,1.628299,2,88.889285,4.404207,3,84.178519,5.829909,6,48.773658,0.976261,2,98.898825,1.443736,4,47.703237,0.933613,4,0.010666,1.301291,3,66.357992,2.989183,1,37.929126,1.971135,3,6.507872,1.635502,5,41.939698,2.195362,4,0.015785,48.72783,3,18.786532,2.31832,5,2.399475,3.308257,1,56.39397,1.174089,1,35.404058,13.197072,1,38.532032,2.971311,6,0.016951,3.264884,6,0.016024,1.161804,5,0.020389,6.999693,3,52.505997,5.3304,4,0.02195,1.450875,1,0.012793,0.178513,6,10.098548,40.197607,4,70.092137,1.630607,4,0.018967,7.295372,5,13.022225,6.832824,1,86.590139,0.582921,1,43.55131,4.204528,1,2.716078,1.878941,3,31.608607,12.965163,5,92.944354,3.454647,3,0.086331,4.751161,5,17.387105,0.552391,5,79.394983,5.859769,6,38.150051,3.730374,3,0.010662,16.51125,2,45.405575,0.767034,4,96.333544,4.257335,5,64.972915,2.469692,2,32.384879,1.269754,4,18.985764,6.274209,5,98.712016,4.433687,6,44.71312,2.535149,2,0.011294,11.461443,1,34.08211,1.325226,5,0.016465,2.696351,2,0.013959,3.209008,4,0.018196,2.833188,3,95.029165,0.809008,4,87.735876,1.958359,1,14.690627,1.43033,4,33.53487
"4982",4982,4,29.304218,66.758993,4118.502311,929.080557,87.6138,817.052146,990.872428,7602.175879,40.795652,26.781051,763.144583,71.353823,49.572537,40.599569,806.311224,15.330697,85.939398,0.563964,0.345084,0.52543,0.551705,0.999583,0.124789,0.445544,0.631265,0.206268,0.995732,0.431714,0.596711,0.677923,0.860392,0.955501,0.248672,0.744396,1.536553,5,0.038923,0.80111,4,34.083232,3.796576,2,0.078825,0.211439,1,33.801512,0.798184,6,0.048871,2.200917,1,0.011844,5.99016,4,0.019593,0.510933,4,72.027361,8.775402,3,0.011499,0.916321,5,27.332196,14.083658,4,57.432524,3.44195,1,0.011038,1.141022,5,20.023093,2.357204,5,25.492069,1.960587,5,7.810629,1.516936,4,84.630548,1.177309,6,30.333587,3.441637,2,0.012133,1.670136,2,4.344432,0.092861,3,55.130566,0.579072,5,23.563068,1.897677,6,74.613703,3.132136,1,0.010862,45.705406,4,21.719203,0.580781,5,73.592081,4.091514,1,75.515137,4.455372,5,26.87802,13.341705,1,79.428261,3.520563,1,0.024919,2.360825,1,0.064695,1.095264,6,0.014108,1.744709,3,27.331382,6.074399,4,0.0243,1.695276,3,0.023059,1.691307,2,23.866651,18.455008,1,36.525794,6.48464,5,0.040464,21.85398,6,8.099638,6.547564,1,66.809617,0.071884,2,30.943371,1.253235,6,6.624296,4.109015,1,80.70717,10.796966,5,1.663714,1.000745,2,0.111223,3.173975,1,78.374021,2.187562,3,67.43133,5.383821,5,33.195727,1.526674,4,0.022971,9.191289,4,94.721599,1.091055,4,92.055935,5.899648,6,61.733804,2.452723,1,91.935212,0.19511,1,1.617168,16.810606,5,4.590798,4.595508,1,2.477975,0.62583,3,0.012793,11.114673,1,77.700499,2.653575,4,0.011654,2.941994,6,0.016699,2.480011,6,0.076634,0.581341,2,76.352767,1.67727,4,19.71499,1.50894,3,36.169052,1.09785,3,96.641525
"5147",5147,4,81.247226,66.539252,1072.693971,126.275637,22.492441,48.923428,779.870236,2998.660719,9.334094,39.800098,249.316704,95.523144,86.554807,70.227675,294.285069,13.296256,57.150103,0.573796,0.203077,0.685445,0.426891,0.876057,0.720083,0.544418,0.566586,0.665006,0.83707,0.447116,0.256771,0.677782,0.782705,0.118668,0.669731,0.745893,1.251247,2,0.444356,9.402073,3,49.245309,0.768434,4,0.019561,6.79735,5,38.879875,3.484011,4,0.083855,2.808484,5,0.033101,2.050983,2,0.023281,1.66467,4,43.494165,13.394127,5,0.011356,1.075542,4,93.230651,20.272247,3,99.133838,3.036792,2,0.012274,0.616748,6,42.585946,5.128622,4,94.328954,2.378058,3,53.89477,3.018885,2,38.991022,2.696029,1,86.051104,1.081684,4,0.011279,1.559225,4,81.67897,2.488855,1,33.112671,5.271847,4,78.783388,2.400756,4,9.598688,0.322117,2,0.010383,8.728164,5,78.466782,2.056144,4,29.273422,5.193504,2,6.4827,0.433422,4,37.135205,13.604779,4,14.410242,3.728901,3,0.012935,3.389175,4,0.060399,3.591113,4,0.015392,2.566884,6,40.614443,1.50777,2,0.017264,0.117178,2,0.031443,1.752884,6,90.886648,19.833326,4,54.421948,2.000349,1,0.020941,1.25615,6,48.426788,6.164712,2,72.666485,1.336177,5,61.630927,2.818122,5,71.921222,5.211578,3,99.659922,14.912471,2,17.202092,1.226862,1,0.012671,1.802881,1,22.834782,0.51207,3,41.260163,5.197366,5,42.114717,3.783932,5,0.012701,8.947451,3,48.525683,3.074389,2,36.257311,0.470394,2,25.602345,0.97319,3,61.476966,1.927406,2,88.439635,1.596158,1,33.603243,0.69807,4,61.843037,2.142674,6,0.010779,10.339881,5,1.677875,0.128573,5,0.01083,3.107049,5,0.022615,4.428665,2,0.012981,0.497003,5,84.379384,1.884033,6,32.996712,0.13365,3,64.416565,3.325603,5,58.100733
"6056",6056,4,11.244342,56.875538,781.778907,454.621403,71.190915,144.310764,367.295114,6491.667703,59.575596,79.527404,936.365453,70.505682,30.665857,1.978574,328.528292,31.612449,25.973493,0.196584,0.969216,0.266741,0.882759,0.410394,0.705498,0.332616,0.348749,0.247988,0.27515,0.784034,0.840191,0.286428,0.521095,0.620387,0.678313,0.105395,3.285825,6,0.016612,9.162562,4,7.265587,2.984385,5,0.01021,5.024493,6,75.371293,2.899772,4,0.014776,1.716172,2,0.015419,7.338487,4,0.01728,0.437871,3,77.803143,17.24461,2,0.013089,1.428052,5,32.732956,2.02813,4,77.014562,1.703842,1,0.017349,3.384705,2,52.706618,4.113754,4,58.452675,4.475286,1,40.536907,2.890494,3,16.014773,2.343293,6,49.055807,2.241361,6,0.033983,1.878527,4,62.113814,3.206071,4,15.071626,1.131256,1,44.601741,1.777405,3,47.352447,3.323218,5,0.206688,53.840865,6,84.769386,2.591777,4,62.09748,5.847088,4,38.224973,4.85505,1,85.971708,8.663862,3,19.025142,2.769808,1,0.024957,0.314398,4,0.019215,4.276201,5,0.078875,0.669378,4,46.840316,1.179208,2,0.011394,1.316281,3,0.013864,3.62142,4,77.865634,56.950805,2,59.196785,0.9739,4,0.189079,17.547182,1,48.04812,7.157746,5,66.573826,2.805211,1,58.407972,3.608313,6,49.818697,5.105859,2,60.158591,6.681129,4,24.412971,3.076964,4,0.013776,2.101369,5,26.995918,2.540005,4,61.510959,13.973447,5,36.885586,2.465816,4,0.033003,1.33514,2,5.525165,0.145885,4,65.135048,4.884038,1,18.766031,2.373605,3,91.471303,1.639351,1,84.332013,8.191314,6,71.015641,0.643796,6,50.356201,0.815702,2,0.037633,2.806909,3,90.953439,2.047824,5,0.010336,1.861406,2,0.012019,0.450157,2,0.150385,0.459646,2,42.232957,1.44947,3,53.491088,0.99847,1,77.088472,2.686344,1,3.596826
"6882",6882,4,93.139032,39.197825,8805.645314,178.466255,53.17598,319.727313,517.098844,1485.752537,2.628025,51.153363,943.789236,54.296809,5.65146,12.708558,380.032046,10.949693,39.283065,0.574826,0.351898,0.415503,0.127029,0.240696,0.344585,0.731002,0.885156,0.855055,0.234778,0.54161,0.333137,0.732826,0.962571,0.439207,0.225951,0.28375,4.697807,5,0.021019,6.173115,6,73.636408,0.622704,6,0.012226,2.275066,4,29.932166,1.686698,1,0.012063,0.04847,5,0.025569,3.788313,6,0.034511,4.027456,5,52.36133,1.333509,1,0.014933,3.555714,4,8.658728,12.642256,6,7.490485,2.609905,4,0.011868,0.368145,2,62.379988,6.630693,1,80.438922,4.991315,6,96.7943,3.374182,5,24.079401,0.824864,3,59.729874,2.947426,4,0.020892,1.262163,3,43.786295,1.986881,1,32.757299,5.394782,4,90.558984,0.86305,4,13.484275,1.954171,6,0.030246,34.674973,5,68.802675,4.565976,5,48.03492,0.32905,3,27.626054,5.58141,4,65.594558,13.26612,6,42.10008,1.01475,2,0.034004,2.788747,5,0.013295,0.579504,2,0.05346,2.570968,2,63.196213,3.053535,6,0.088329,1.454938,4,0.586913,0.221917,2,21.400392,46.799801,1,37.165068,3.974382,4,0.010509,4.489886,4,10.832718,2.635161,6,89.541564,2.743707,4,13.666041,4.250413,2,93.843619,6.636581,3,47.02367,7.454534,4,71.444178,1.657411,6,0.183656,4.071219,3,84.259079,2.493068,1,32.340283,4.879533,3,5.554693,0.382782,5,0.03102,12.829651,5,85.582196,0.766418,5,96.776901,2.279774,3,19.189996,1.045955,3,65.436442,0.969406,1,97.465311,7.709456,1,48.005438,6.592083,3,5.296135,3.43403,1,0.298051,10.286059,3,13.090827,2.083839,4,0.018866,2.177311,4,0.015253,0.553499,1,0.010691,2.270441,1,52.496749,2.296039,1,3.541324,0.041747,1,7.304254,1.987975,3,48.260824
"7345",7345,4,49.808285,10.513306,9482.609477,78.300347,18.078766,872.709032,306.925664,6142.093879,56.673849,73.373951,297.232512,98.385109,35.049676,14.093252,382.705596,52.579962,72.733515,0.480689,0.509319,0.159166,0.865369,0.69922,0.508344,0.759304,0.32593,0.20624,0.534604,0.39485,0.402878,0.361025,0.602803,0.345388,0.69541,0.888382,3.759184,5,0.010341,16.059647,4,4.692633,3.484673,4,0.033371,5.927295,3,71.880645,0.377254,3,0.013283,4.365452,5,0.013163,0.21886,5,0.015434,0.762058,3,48.971616,7.614992,1,0.011254,1.910398,2,78.86621,7.41169,3,8.075012,3.331567,4,0.010677,4.550698,6,90.667788,5.372016,2,19.809977,5.485241,4,5.890437,0.894365,3,48.129298,0.206413,5,71.405773,1.313464,3,0.020429,1.516908,1,4.020256,4.828029,2,59.685661,4.632724,5,10.331075,2.566141,6,25.83984,2.509024,5,0.067708,36.825467,5,2.725065,4.637024,4,60.605298,2.121136,4,81.933375,0.684634,1,48.578284,17.423396,1,28.750189,3.57688,6,0.113859,0.788769,4,0.021736,1.830269,1,0.021811,4.013982,4,77.083931,1.187315,2,0.038691,0.042033,4,0.015799,2.670661,5,95.532425,30.298919,6,49.787628,1.221684,5,0.020871,7.715381,4,69.287538,0.818072,2,62.112467,1.121784,2,16.131666,0.118517,1,1.399816,1.255788,3,79.254386,16.062447,4,37.95842,2.340408,4,0.176725,6.574097,4,30.434511,1.994313,3,18.689467,12.030735,4,41.676248,1.619362,2,0.107317,2.938578,5,13.900865,0.429888,5,32.520311,5.182806,6,54.931788,0.205115,6,23.936496,2.519795,2,50.231412,0.356016,5,71.405762,5.544855,1,88.158365,1.522428,5,0.022741,0.208586,1,3.88177,1.080649,4,0.167828,2.317123,6,0.010169,3.468688,4,0.019523,5.601176,1,30.586854,0.424659,4,31.975647,0.329441,2,99.818543,1.120191,4,16.160339
"7360",7360,4,87.090761,85.545335,1158.578962,26.408143,65.524879,127.430422,160.971181,803.737417,68.814001,80.698327,537.297861,33.070788,53.72958,7.795685,223.796379,81.596946,49.901178,0.682857,0.565254,0.557584,0.50538,0.211146,0.797869,0.292967,0.513303,0.128383,0.280285,0.882062,0.815774,0.251572,0.234793,0.29734,0.365398,0.794699,2.818841,3,0.02673,16.254985,4,6.453568,3.301046,6,0.017743,4.209071,3,48.568495,2.266165,6,0.025919,2.131929,1,0.016425,2.066035,6,0.013685,6.125117,5,80.630924,2.02252,2,0.03903,1.82814,4,33.881242,51.386342,4,57.97232,3.72407,1,0.018142,1.46481,2,13.811142,1.55663,5,7.205803,1.191274,2,89.483276,1.57218,3,23.806843,2.185668,5,79.812859,2.25701,3,0.019586,1.554648,4,37.728767,4.917374,1,52.505258,0.574898,2,74.714272,0.271251,3,68.513507,2.391995,4,0.055197,23.357618,3,55.283039,4.453129,2,84.832348,1.260472,1,91.30225,6.631513,1,83.434063,6.903123,3,53.771417,3.394826,5,0.01186,1.104404,5,0.034279,1.303919,2,0.03392,4.605112,6,19.261425,2.016979,1,0.130683,1.120938,6,0.011016,1.783071,2,45.347057,30.133465,4,36.148724,3.874659,5,0.020241,21.83796,2,67.4761,2.048687,6,77.359778,3.438035,6,24.701655,6.337478,1,96.909187,2.480935,1,46.369284,2.819273,5,67.55431,1.878109,4,0.012235,2.119599,3,73.574857,1.390565,3,14.743848,9.513842,2,30.335483,3.416708,4,0.010715,0.507862,5,36.137111,0.698848,6,24.124775,4.907447,2,53.862339,2.68077,2,37.373711,1.126354,1,53.687883,17.474856,1,68.379627,3.041324,6,56.645248,1.484413,1,0.038617,3.729472,1,69.465982,2.192505,5,0.012224,3.180664,4,0.091255,1.382126,1,0.625727,2.360153,6,37.906049,2.144649,2,90.414789,1.153464,1,36.987494,2.860436,5,77.706851
"7766",7766,4,94.655762,14.425181,9979.305313,487.06754,2.07575,744.532819,486.068532,1398.774665,66.684503,38.784218,589.718939,50.519315,48.177062,92.944753,746.313425,21.328861,27.637358,0.369149,0.622654,0.227348,0.426735,0.383529,0.804436,0.898282,0.258695,0.276396,0.571452,0.315775,0.208337,0.866961,0.473286,0.613478,0.201738,0.714241,2.954806,1,0.0527,3.17365,1,30.095466,3.04249,3,0.010246,5.256166,2,12.169948,1.535689,5,0.020823,0.50492,1,0.283955,6.487917,3,0.025951,0.079359,4,59.05646,1.14564,2,0.017662,2.187481,2,54.75674,32.885006,3,37.862073,3.616982,3,0.12487,1.586996,4,40.146449,6.088905,5,49.730145,1.366131,3,74.206037,2.263618,4,80.826716,2.508033,3,72.356731,1.621029,3,0.014779,0.458109,5,55.799693,6.741249,4,77.040414,6.684313,6,55.006701,2.490351,3,24.741024,3.139764,1,0.010493,1.271397,3,6.250915,0.565023,5,11.307207,4.338014,4,38.281303,7.156455,2,68.765346,9.627045,3,48.255311,0.877256,5,0.015969,3.297911,1,0.025756,5.956552,3,0.013064,1.748129,3,45.598037,0.944964,4,0.014981,2.332386,6,0.014322,2.636237,6,85.438914,5.835396,2,31.979156,4.723323,1,0.046798,2.26063,5,40.842238,5.869463,2,81.044645,0.412448,3,4.55413,0.629411,5,14.573121,0.308387,5,72.346945,11.923664,4,90.357309,2.307899,4,0.025882,5.717246,4,95.075464,0.87434,6,71.718713,5.282336,3,49.448946,3.619,2,0.011607,18.085577,1,10.613832,0.563027,4,93.729425,6.364853,3,14.800816,1.95731,6,52.978892,1.041277,4,77.951515,10.043105,3,73.201501,0.911265,3,14.120426,0.849155,6,0.010429,10.934387,1,69.800193,2.604524,3,0.018448,1.743731,1,0.039396,6.554255,2,0.405783,1.201165,6,4.687499,0.058074,3,81.303607,1.76215,1,64.87462,1.066089,1,80.148485
"7897",7897,4,41.258607,67.162804,9113.529077,180.282235,18.208686,507.749334,36.260327,6103.512685,5.719153,18.551407,824.511788,22.449958,10.541063,72.343331,323.506027,5.293054,31.879365,0.236478,0.844612,0.831378,0.417623,0.389091,0.686354,0.390345,0.118107,0.9587,0.27421,0.348468,0.159533,0.47228,0.915174,0.329076,0.146375,0.228975,3.478209,3,0.017335,15.165652,1,85.066794,0.15158,5,0.116926,3.048266,3,40.095716,1.81436,3,0.018528,2.898556,5,0.015862,3.325684,2,0.08957,5.959648,5,20.335983,3.948246,5,0.020316,3.498894,3,80.893049,33.377441,2,64.850239,2.883094,4,0.061661,4.116882,3,90.631838,3.216227,6,43.714576,7.44112,2,47.960096,4.701495,5,63.916764,0.745056,1,73.991142,2.660133,6,0.02115,2.019992,4,98.336375,4.607307,1,67.47887,3.681474,2,94.51895,1.715261,2,4.995185,2.078482,2,0.05231,4.467555,6,16.757788,0.183837,1,84.408857,3.957213,4,96.681892,6.800079,6,34.545758,13.992661,1,33.630658,1.087442,1,0.111097,1.79515,5,0.014851,6.404409,5,0.022308,5.068639,5,59.506205,5.456104,5,0.015637,2.014522,3,0.018072,2.75497,6,57.954763,25.503718,1,69.451768,0.338139,1,0.01301,12.02502,1,75.084412,4.847643,2,56.925192,2.306271,6,11.173763,1.198677,4,11.797936,0.443939,6,63.840527,13.902426,1,29.676148,2.209478,3,0.037088,0.930519,6,13.064723,1.812016,1,34.135257,17.191581,5,73.332333,3.360616,1,0.161804,13.391232,2,90.897373,3.113406,1,55.935104,6.390654,4,60.596179,0.898721,4,19.349251,0.083873,4,42.051707,6.401406,3,35.326504,5.140786,2,42.218277,4.505762,3,0.023601,13.279973,2,33.998143,2.137076,5,0.010142,3.199719,3,0.019426,6.380629,3,0.015469,4.983936,4,7.767042,0.279983,1,99.060617,1.396555,3,8.32134,3.096351,5,76.967177
"8305",8305,4,41.404652,75.360461,4059.197787,720.285287,85.965892,426.63815,115.724834,3035.797891,20.381158,24.905583,123.551335,87.325802,4.384883,66.705378,81.344029,24.544992,87.33018,0.102234,0.548626,0.12729,0.46976,0.442423,0.744111,0.981456,0.102461,0.983805,0.803781,0.595314,0.625156,0.609798,0.36684,0.759365,0.612142,0.547292,0.393214,4,0.154819,0.993786,6,62.031632,1.66687,1,0.032071,3.466684,1,91.190358,3.347711,1,0.012865,4.087659,3,0.045456,2.029889,1,0.020084,2.856987,6,43.415603,7.684818,4,0.029405,1.545213,6,67.351617,43.879676,2,91.031135,0.825124,5,0.01228,1.124739,4,20.11045,3.83808,4,44.831997,5.366818,2,70.86472,0.190101,1,75.830359,1.180391,6,37.627958,0.432481,6,0.012184,1.242565,2,27.225825,1.721521,4,37.266531,5.096414,1,80.446302,2.349809,5,1.982981,3.569664,6,0.026404,16.404498,5,90.908386,2.81563,1,65.638382,6.341726,3,36.78028,0.46175,3,94.953652,7.660355,2,85.834862,2.955761,3,0.013416,2.507562,4,0.048448,3.128494,5,0.060283,2.77178,6,83.331797,5.242502,3,0.018971,1.506139,5,0.033853,2.633795,5,7.428029,23.538189,1,96.424814,3.035191,6,0.100248,17.472938,4,84.523434,3.328139,5,63.67595,2.79926,2,89.427117,1.341419,4,63.616079,5.71277,6,42.20295,16.16875,6,88.415222,0.117761,6,0.034826,7.447171,2,12.417946,2.34406,1,82.585419,2.054811,2,50.557934,1.802344,4,0.024038,7.464765,4,29.878189,0.387647,1,10.725636,2.434818,6,41.783461,1.439503,5,30.415122,2.447589,1,42.799648,6.18787,3,55.167535,4.393804,3,83.078622,1.435578,6,0.130788,7.165915,2,67.774004,2.670379,4,0.012566,2.149663,5,0.09513,2.635225,2,0.013817,2.530719,3,94.473089,1.859706,3,50.722073,0.860103,3,26.046877,0.398727,1,54.719633
"8580",8580,4,30.696832,95.659179,6039.166771,297.397768,55.189551,370.038092,195.258618,6920.515148,8.941183,85.597652,426.687384,34.433942,8.658224,64.125815,439.758025,43.191937,76.500931,0.192968,0.371578,0.575694,0.171211,0.386035,0.673661,0.755796,0.856088,0.521633,0.940652,0.987457,0.574796,0.640726,0.710394,0.864943,0.891775,0.507406,4.66905,3,0.01034,5.793233,2,41.839713,2.12229,4,0.019919,3.138796,4,4.234452,3.321525,5,0.011326,4.7015,6,0.118123,3.468822,6,0.016855,0.514143,3,9.270842,15.221938,6,0.014109,0.797541,2,69.935991,53.233854,4,87.114128,2.021835,6,0.013301,2.677896,1,64.298821,0.576232,4,72.598912,7.258628,6,55.377119,4.300793,5,56.465816,2.241898,5,97.866978,1.675335,6,0.1026,2.508433,3,69.702227,0.412983,4,3.163147,3.632642,2,69.400052,2.445048,1,69.451129,2.73013,5,0.010878,11.133474,3,49.259631,2.263299,2,12.049353,3.604753,1,19.029681,3.176736,6,30.905654,6.916144,3,70.576298,2.478687,4,0.05295,3.617061,6,0.010048,6.155244,6,0.041198,3.248554,1,70.944943,0.480478,3,0.013676,0.58543,5,0.033946,3.226677,5,15.792328,19.197574,5,12.564501,0.21515,4,0.101031,17.214201,1,95.066314,0.674558,2,27.25708,4.277822,6,29.980114,2.649131,4,76.706979,6.215986,2,11.466732,1.881165,1,6.036393,2.254122,6,0.03709,4.18121,5,30.560216,1.043583,6,12.52257,11.221017,5,74.22174,0.15487,3,0.034519,3.624754,2,35.110609,1.0265,1,8.749923,3.19991,2,95.107299,1.562233,1,77.464775,1.916505,3,58.739991,15.119392,1,54.606606,0.686759,5,15.724906,1.127318,1,0.016813,15.069193,1,88.337863,3.522971,2,0.0332,1.477437,3,0.032142,2.319087,3,0.010468,4.411752,1,62.895512,1.499324,6,86.702989,1.766883,4,70.67698,3.5612,4,53.710711
"8974",8974,4,93.6895,50.52629,5651.371672,511.0033,35.650054,938.106715,611.587448,553.702063,68.817949,70.668215,204.419258,95.201158,26.126541,2.497874,630.744209,38.606054,46.485938,0.100225,0.644796,0.31504,0.888263,0.43809,0.945313,0.880433,0.553277,0.676071,0.823448,0.65127,0.758676,0.136463,0.156938,0.328255,0.579659,0.325127,3.870738,2,0.022501,14.711363,1,86.687666,3.773894,1,0.05969,0.883259,5,35.006106,3.561487,1,0.033047,1.096538,5,0.218059,0.400781,1,0.016782,0.730286,1,1.633318,15.684548,5,0.025539,2.287811,4,76.089394,40.491779,3,40.724286,0.776762,4,0.010997,0.236731,3,4.218954,5.771716,6,44.142536,4.465139,1,58.951343,6.850005,4,14.329049,1.128318,4,46.822299,3.575718,5,0.018952,2.241658,4,84.44002,1.189305,3,38.984591,6.680065,2,27.175926,2.440685,5,94.198974,3.339383,1,0.010964,29.943097,2,25.16589,0.967553,2,36.225591,2.614192,4,69.269959,0.843449,6,74.372524,9.918959,2,7.183161,1.211202,6,0.010842,4.727342,6,0.02804,3.576444,1,0.035526,0.911565,6,5.895977,0.810257,4,0.023769,1.845317,6,0.023203,1.787498,5,26.716791,50.045277,3,76.179894,0.740149,4,0.033849,21.473433,3,10.070166,2.725328,3,82.971939,1.534581,4,26.65958,1.306907,1,56.122814,3.421059,2,99.790437,17.646897,4,3.15273,2.522626,1,0.052508,1.017784,4,15.718777,2.044381,4,94.909617,0.715178,2,58.976987,3.943109,5,0.022866,6.060983,5,38.974426,2.042225,4,76.931307,0.660236,4,44.634952,1.126478,5,43.033057,1.377773,3,46.452588,5.269294,3,56.538505,1.535322,6,61.841743,0.08153,5,0.012853,6.97859,2,29.337146,0.728484,5,0.055753,1.03901,3,0.027325,5.114535,3,0.037149,3.373013,2,85.81301,3.491567,3,85.320094,0.320774,5,44.690246,1.066349,2,86.950117
"9437",9437,4,31.292212,97.804957,6113.943944,694.358362,98.220393,808.397892,376.709877,482.575736,95.860933,59.686405,771.115593,51.137031,40.345922,37.02141,190.815811,45.152228,38.240002,0.654099,0.523179,0.765392,0.428038,0.242062,0.558633,0.415698,0.869618,0.2926,0.929406,0.266822,0.279865,0.203557,0.476528,0.265494,0.252366,0.281472,0.726323,5,0.018612,0.585879,2,9.643549,1.535174,5,0.013456,6.819592,3,98.969464,2.115057,5,0.029163,1.892749,5,0.010084,4.13854,5,0.015069,3.858668,1,66.344468,17.998092,3,0.056332,0.328226,4,85.387752,23.411799,2,39.938364,0.155263,5,0.070332,2.684067,5,14.843283,0.166507,1,59.451222,2.970044,2,45.21277,5.133437,6,27.672497,0.029572,2,37.515703,1.14014,6,0.02236,1.995883,3,23.838985,2.104482,4,51.662555,5.05131,6,38.442434,1.63322,6,6.454367,2.09527,3,0.01013,7.932903,3,87.908228,3.155455,2,42.276481,0.177217,5,15.727257,6.054518,5,69.306378,11.331441,2,61.997069,0.820388,6,0.022439,4.701083,4,0.01732,0.474587,6,0.013403,0.849204,2,26.707868,4.862989,2,0.013161,2.091201,4,0.010671,3.352716,6,81.588859,39.120582,5,8.03047,1.21769,4,0.01518,1.368633,1,70.603673,0.15128,3,15.920098,0.121784,5,61.237956,4.161211,1,35.310457,3.205358,1,23.281489,9.24721,1,23.441827,1.829893,2,0.020499,4.765831,1,72.368544,1.059487,2,9.532714,17.634972,1,41.681832,2.095116,6,0.029203,7.762638,3,90.615326,0.774321,6,41.684593,6.257392,2,49.128915,0.198471,6,36.868669,0.730953,5,34.822832,11.310733,4,8.01595,2.507106,2,21.038161,3.148889,2,0.021523,2.159647,1,36.938895,0.359255,4,0.09027,2.97015,6,0.011875,2.148837,2,0.014668,6.059792,3,26.604149,3.479062,3,46.788511,0.906514,1,42.138287,3.63833,5,57.458686
"9764",9764,4,74.379195,47.700761,5851.713928,156.931901,35.325674,764.825782,462.142563,1794.752502,1.135009,54.375553,955.825097,84.063576,11.596952,20.033855,992.500884,77.153524,16.976492,0.736856,0.966265,0.198233,0.646424,0.913538,0.583236,0.589109,0.523462,0.370598,0.390309,0.505747,0.453806,0.790032,0.70081,0.272613,0.627589,0.549946,1.60356,6,0.017606,3.202071,2,77.760574,1.809624,6,0.034183,3.116816,1,45.370533,2.373479,4,0.015695,2.980083,4,0.011215,1.965594,3,0.022777,0.221211,1,83.783744,12.162249,6,0.01483,1.885983,5,6.368074,6.387954,4,12.924494,3.425879,1,0.019517,1.465403,2,64.066171,6.182495,1,55.290419,0.672162,3,61.904212,3.749216,5,42.696377,2.355855,3,74.14563,2.632995,3,0.014696,0.169928,2,33.709779,0.930544,2,68.224375,5.284678,4,22.18842,0.589486,3,82.981034,0.739324,2,0.015399,14.61024,4,94.182037,3.418924,2,28.915301,1.544121,2,90.86521,3.208923,4,51.133771,5.995928,3,98.032861,3.011606,3,0.059664,0.38867,5,0.046555,5.513967,6,0.062148,6.075961,5,34.647055,5.446842,3,0.014939,0.51127,3,0.031689,0.727236,4,97.190869,43.915759,2,27.119646,0.93108,6,0.11231,5.745877,2,5.439681,6.274858,6,29.27326,0.238141,6,52.718657,4.238535,1,13.752366,5.664417,6,69.819691,14.163994,4,69.929247,0.223178,2,0.021584,3.139994,6,76.289691,1.926681,3,60.754987,17.286597,5,68.784426,2.679325,3,0.199377,23.682288,1,47.098172,1.733485,2,46.002647,0.720282,4,1.875865,1.268396,2,42.10641,0.131801,3,61.059771,8.518694,2,7.579479,0.593024,4,70.319914,1.398411,1,0.013707,3.600782,5,90.979503,3.210083,3,0.045492,2.280561,1,0.037558,3.925389,2,0.06789,4.305343,2,8.391966,2.85473,3,41.156028,1.926625,3,62.208629,1.890828,2,77.328704
"9970",9970,4,31.047695,87.945392,5364.930619,787.437768,69.689873,948.427794,92.133341,6395.36183,8.035328,54.661707,686.665283,51.778559,20.403234,61.518139,809.691925,84.170978,92.712654,0.539022,0.915145,0.746337,0.839736,0.935522,0.186974,0.695957,0.170506,0.226983,0.944443,0.269923,0.2642,0.273529,0.74668,0.312102,0.473239,0.414104,1.620802,1,0.013648,8.118055,4,3.446421,2.985266,3,0.016565,0.79245,6,32.690593,2.51729,2,0.01231,1.238824,6,0.017778,3.444016,6,0.268225,1.773362,5,97.527835,16.168658,6,0.011532,3.586664,1,71.069504,42.059305,5,33.628129,0.8681,5,0.021742,0.609885,6,97.861223,0.846038,5,46.613817,6.793593,5,21.103313,0.133883,1,6.183536,0.935475,6,28.82326,0.43673,5,0.041988,1.920057,3,95.16296,4.446866,2,44.384669,2.694709,5,6.744902,2.544125,3,91.642221,2.522526,1,0.071541,43.253476,2,72.585773,3.678918,6,80.909673,4.548257,5,22.100303,2.282025,3,78.523829,14.03896,2,48.731769,3.486526,1,0.027818,1.344469,1,0.059598,6.548512,5,0.010388,3.04463,4,73.833559,3.472679,3,0.012467,2.080958,6,0.025787,1.759175,5,55.098989,51.766297,4,74.14048,4.428556,5,0.011914,1.594922,6,98.794953,6.817408,1,79.753381,4.748642,2,42.461361,5.424781,1,59.068346,5.878715,1,40.908445,7.867859,3,21.029937,3.277306,3,0.017217,3.346584,6,73.880205,1.212093,6,54.937159,0.533557,4,40.096964,0.672671,5,0.012915,11.729155,4,21.204501,2.152576,6,62.281818,2.472873,1,16.994294,0.330102,6,91.548745,0.977248,5,13.654521,12.030974,6,74.079489,5.212687,1,13.462204,3.516288,4,0.013314,5.529052,4,85.508194,0.702183,2,0.019377,3.469966,1,0.036098,7.395578,4,0.035362,3.556038,4,74.810229,1.499823,6,75.401011,1.746201,2,16.413079,0.062366,3,93.297948
